<?xml version="1.0" encoding="UTF-8"?>
<project-private xmlns="http://www.netbeans.org/ns/project-private/1">
    <editor-bookmarks xmlns="http://www.netbeans.org/ns/editor-bookmarks/2" lastBookmarkId="0"/>
    <open-files xmlns="http://www.netbeans.org/ns/projectui-open-files/2">
        <group>
            <file>file:/C:/Users/Administrator/Documents/NetBeansProjects/LibraryManagement_1/src/l1.jpg</file>
            <file>file:/C:/Users/Administrator/Documents/NetBeansProjects/LibraryManagement_1/src/BookDetails.java</file>
            <file>file:/C:/Users/Administrator/Documents/NetBeansProjects/LibraryManagement_1/src/AddNewBook.java</file>
            <file>file:/C:/Users/Administrator/Documents/NetBeansProjects/LibraryManagement_1/src/IssuedBooks.java</file>
            <file>file:/C:/Users/Administrator/Documents/NetBeansProjects/LibraryManagement_1/src/ReturnBook.java</file>
            <file>file:/C:/Users/Administrator/Documents/NetBeansProjects/LibraryManagement_1/src/Databasecon.java</file>
            <file>file:/C:/Users/Administrator/Documents/NetBeansProjects/LibraryManagement_1/src/IssueBook.java</file>
            <file>file:/C:/Users/Administrator/Documents/NetBeansProjects/LibraryManagement_1/src/MainLayer.java</file>
            <file>file:/C:/Users/Administrator/Documents/NetBeansProjects/LibraryManagement_1/src/RegisterStudent.java</file>
        </group>
    </open-files>
</project-private>
